{
  "name": "angular-animate",
  "version": "1.5.5",
  "license": "MIT",
  "main": "./angular-animate.js",
  "ignore": [],
  "dependencies": {
    "angular": "1.5.5"
  },
  "homepage": "https://github.com/angular/bower-angular-animate",
  "_release": "1.5.5",
  "_resolution": {
    "type": "version",
    "tag": "v1.5.5",
    "commit": "39c4ea7a81ed05b09229f5961e31e1d9dc251bf8"
  },
  "_source": "https://github.com/angular/bower-angular-animate.git",
  "_target": "*",
  "_originalSource": "angular-animate"
}